ndvi,evi,bsi,soc_predicted,x,y
0.3845262851900178,0.3005509025741981,0.6560789742932781,0.9217180917660811,0,0
0.3245983609933553,0.2508581945695715,0.7625833239204629,0.5123648442474807,1,0
0.392417140462994,0.29966110161925325,0.5374212417309392,0.8695472294779588,2,0
0.44452916387335895,0.35258064057540867,0.5565936827357187,0.9429677409431625,3,0
0.4050863474465965,0.3399230230001809,0.5806049397457065,0.9546917995715443,4,0
0.44988329072296596,0.3768551542860339,0.5271306143356729,1.1194117518718054,5,0
0.43930198867962217,0.3633918738903709,0.5647062806471357,0.9841055672953664,6,0
0.3265880929518744,0.25672106400015604,0.6581039171257735,0.7536227201872202,7,0
0.4282159788597279,0.310669112806815,0.5555356829774699,0.9256191724239017,8,0
0.36227049182763105,0.29494172138281854,0.6024612806945892,1.025643389737123,9,0
0.25251069853807073,0.22118418581593954,0.7643424475169658,0.6020770457478111,10,0
0.22843922170617434,0.19496463620655335,0.8213913355518188,0.7064466291028565,11,0
0.2221100498818241,0.1758194473355514,0.8566225082303045,0.7394450115814888,12,0
0.15440537257351425,0.1297201038733536,0.8163585362075901,0.4761624772424858,13,0
0.13983856768514374,0.10917552168692177,0.8045084157579018,0.4490955517096852,14,0
0.1,0.07972425966343366,0.8839269070638561,0.48899486716791946,15,0
0.19520220892769097,0.14411422918864988,0.7600884430486278,0.47247096368330843,16,0
0.20303912643633842,0.15922909016185532,0.8454744942257212,0.6672409222957745,17,0
0.2507396309539585,0.20235397130647237,0.7053366956300356,0.5649644520249314,18,0
0.20745592064291657,0.16421129772595175,0.7932957056768882,0.5086501111485879,19,0
0.41478055059097735,0.34779272688344226,0.5150824130820314,0.9165776504032676,20,0
0.3850498553493712,0.3443053062950554,0.5945090035115891,0.9450352999696138,21,0
0.39496731110482586,0.34207403229411315,0.6116388083915055,0.962146390385046,22,0
0.5408001190105742,0.42439417117759487,0.5327043840668371,1.2133387460317466,23,0
0.44751071058463626,0.34164795689525096,0.5148826707012477,0.9313355670699339,24,0
0.37199856392055475,0.28545942839467037,0.6435096985632661,0.9777685989307079,25,0
0.40389195695214936,0.3033673084008641,0.48921841465857635,0.9968353221695808,26,0
0.27636037718047857,0.22155829912202976,0.6602769433770851,0.7942138119327206,27,0
0.4003650569875597,0.3287221055700225,0.5558964293751304,0.8902249838084241,28,0
0.27917628407399914,0.22589604163985266,0.6928583660973734,0.7034365336322701,29,0
0.27666542718804743,0.22401115481317213,0.7418477229793604,0.6316580566304468,0,1
0.4153118395474476,0.3355345922917442,0.6132238504680463,0.9484136089997647,1,1
0.32201545625704864,0.2554861919306711,0.5944911116114371,0.7447387195378148,2,1
0.464717920988114,0.35452502444755585,0.5586827426466051,1.0190090748141638,3,1
0.3551048621701005,0.31470539689970217,0.5860320925797627,0.9445800579323614,4,1
0.4304651485426039,0.36691841235360617,0.6581815888030893,0.9444480594027885,5,1
0.3929286191408079,0.29649890941511486,0.6196012744465982,0.9783482106221705,6,1
0.5012161930780975,0.3782868678337362,0.5032791294929616,1.2957607809822378,7,1
0.47943422592129575,0.36949347774610786,0.5085680033536791,0.9154000473362528,8,1
0.32956798188427616,0.26419864627490214,0.6656101436879879,0.866828014652015,9,1
0.33961191279186137,0.2930688824200844,0.6573393120216858,0.9757306225525109,10,1
0.24181041815161872,0.2057183601161158,0.7204645677618055,0.5727669890018429,11,1
0.23904127898666144,0.20399484372664517,0.7950973972081127,0.5416363243193036,12,1
0.1436244369602992,0.12271152860969642,0.8666794675281139,0.5266138630470406,13,1
0.1,0.08553201169499515,0.9342720624431972,0.497100833333333,14,1
0.1,0.08368344793914634,0.8937514640025322,0.49063286716791965,15,1
0.200422389369248,0.1648925466972866,0.8303837291610864,0.5984874049797569,16,1
0.3230179372606473,0.2564915173090481,0.6359334424815318,0.7713411631682588,17,1
0.26428031973963056,0.18838207478838978,0.9107231348631688,0.7565541704871968,18,1
0.2713450197146418,0.21532282625961152,0.6899535189892331,0.6647205536362317,19,1
0.4416396125965264,0.39310292738040514,0.5328781539368319,1.051054019415664,20,1
0.4029912743566888,0.3115129333783911,0.6419300479555138,0.9669117035785603,21,1
0.4331891109780019,0.33299911148551475,0.6252644702660698,0.9758545281755852,22,1
0.46576849819856037,0.3963088036118637,0.49124994433421715,1.0489783724778066,23,1
0.456954255647602,0.36740549738737177,0.45670748717305487,1.1585678409232378,24,1
0.44285178529671526,0.3436518117232181,0.4840421201229206,1.0785987419768985,25,1
0.36619827987003173,0.32147930201872726,0.5809241039223363,0.9156956881828836,26,1
0.42965044188639256,0.35712879530145153,0.527898180281915,0.9408434350823563,27,1
0.3569495604466781,0.29908050389606244,0.6315982536307322,0.9321090481620318,28,1
0.3734473995654764,0.2882159587434343,0.6748067794178014,1.027923619916258,29,1
0.30914528347415937,0.2549992863575712,0.7416123691164156,0.7250756138715763,0,2
0.2801629424904253,0.22940432237224967,0.686040239128377,0.7327730059458333,1,2
0.4133818075808733,0.3467669416778288,0.6103366166035118,0.9766936014240073,2,2
0.5367164214574194,0.46021204814585964,0.5041107694157754,1.436128225198413,3,2
0.45294754962785955,0.3878606515363429,0.6139838501829679,1.0494780331819327,4,2
0.4328733759231828,0.3499887474679592,0.555882597911495,0.9206977123968294,5,2
0.4072531187561612,0.33984253258386754,0.5522914933049463,0.8669817473896146,6,2
0.3894096746119285,0.2892325162106509,0.6447510843054336,0.9511091717359358,7,2
0.3899095986330968,0.32447520597280327,0.682524694875487,0.9028994488548987,8,2
0.30083266825529503,0.25095934961923105,0.6696251978478891,0.6983448498063932,9,2
0.38625030991283965,0.3014904945545417,0.7078486933704479,0.9159783171795561,10,2
0.2504710798587431,0.19068679095069693,0.8321389688165468,0.6800189418145536,11,2
0.22986370664327474,0.18321565657387354,0.7536674520978991,0.6802629672645226,12,2
0.26697137626633616,0.1973792386059791,0.6512717753182694,0.776582329602415,13,2
0.25472815453616837,0.2081241190801837,0.7120917695439418,0.5694539569077296,14,2
0.16892558016444473,0.13762959233971903,0.8101263096667635,0.4893465868461601,15,2
0.2116581110040732,0.15928788731321078,0.8115704154499936,0.5852240813866835,16,2
0.2611826172874062,0.2095672853811923,0.6519356688826888,0.788623448650034,17,2
0.2549600686450231,0.21757925979665585,0.8632295641159897,0.6722205363835552,18,2
0.22246771148503489,0.18979399183700146,0.8911945377534902,0.7962628374361898,19,2
0.3925670581133608,0.33388890186074494,0.5678841940668264,0.9275925120747276,20,2
0.44963690071413165,0.3563291510545159,0.453894497806987,1.194389156712712,21,2
0.4626856458805976,0.36232604412181424,0.5254533467992191,0.9790549029186139,22,2
0.4207554820334095,0.3283815005302224,0.5970377788360879,1.0014227247001113,23,2
0.467564853358822,0.3879076928116288,0.5963312556922583,1.0526648427057421,24,2
0.4425802148312783,0.40610866862073747,0.589577554231074,1.1672801856535273,25,2
0.436753994753694,0.38008525580907226,0.5497088425339686,1.098428478785242,26,2
0.4832065988119501,0.42487807522665166,0.4149209490606312,1.1059166253246742,27,2
0.4519604180866065,0.392073504193148,0.5700916107953267,1.0738867965296965,28,2
0.3610571165670348,0.2597306807699792,0.6775991680055532,0.8150901227371663,29,2
0.3688165663337441,0.29135182379593394,0.6121736471829141,1.052116147215756,0,3
0.4231059893430189,0.3293320707241998,0.5871276162440987,0.9805423332859702,1,3
0.43154333329357025,0.3721970132180929,0.5751076578733714,0.9913344383745791,2,3
0.46174948699400786,0.40838015336548705,0.5225504109658362,1.1940713767942592,3,3
0.45222954985390734,0.3467714781409566,0.48642456647651544,1.0751499919768985,4,3
0.48836594991999244,0.3916367799171189,0.5251942783900971,1.0634439366365236,5,3
0.5937231676486594,0.4915189648881288,0.3318107348744891,1.4125515707070706,6,3
0.49915558507666435,0.387133676799099,0.5673599793327738,1.1385081090745306,7,3
0.4016065377500377,0.3086643089659473,0.5498885904360895,0.8968540851223146,8,3
0.3500285437698051,0.2681666815194924,0.6710082325453295,1.0275239519175898,9,3
0.28193695800194907,0.2380236972907869,0.6779328109608125,0.6767779432168958,10,3
0.29711446259766683,0.22418596111091174,0.7182287701841663,0.6304633211014421,11,3
0.25780167619194316,0.22087567767458874,0.7280275816777033,0.6144433449902356,12,3
0.1366964208278773,0.10995074953847209,0.8863042882109804,0.41561433937218617,13,3
0.2176720918256838,0.18231852476032628,0.7391442618291474,0.6706178849564799,14,3
0.1648817184376738,0.1446428000458149,0.7499460050291213,0.4019562537070771,15,3
0.280188561510366,0.21477956975294774,0.7020860229820549,0.6137241622454203,16,3
0.2460665907020233,0.18680541162908676,0.7326844644077578,0.6921522043559336,17,3
0.36428244759379974,0.299198550117551,0.5568242029392625,0.7734610172342711,18,3
0.30225511793693577,0.2262131811994631,0.659542610303215,0.8418031546163527,19,3
0.3592256830504421,0.27426834467020805,0.5533941749559551,0.8910033844007303,20,3
0.4337028065348759,0.34450152722318517,0.5683122077096159,0.9740981848529295,21,3
0.5085010335721998,0.410788943390516,0.46908140081435723,1.1456052048772865,22,3
0.5090199427487165,0.37557088078709483,0.4879864286918312,1.2440270888888898,23,3
0.429483125236118,0.3353807513490292,0.6969185360388989,0.8935576995390803,24,3
0.4950568443034494,0.41046174355777104,0.5091286526120377,1.1439938848195674,25,3
0.46664489699538925,0.40465098795391674,0.5483070282936189,1.17550428841042,26,3
0.4107020129460927,0.2883258746099144,0.6169278684553987,1.021924641821406,27,3
0.3568692752206066,0.30875934127412474,0.6324421772468773,0.9169611977346817,28,3
0.4287581723122599,0.3618705823335473,0.5379541174109788,0.9440641255585469,29,3
0.3356530897250253,0.25035126941050667,0.7045140202320607,0.609869451414279,0,4
0.36077151145711006,0.2621586509442553,0.686947173684715,0.8120138626639062,1,4
0.4778041877127902,0.3921914133709847,0.3726260112657339,1.0114459337662332,2,4
0.4858569123797497,0.37852184497905655,0.5022797207844646,1.0929986399288458,3,4
0.49591421935569097,0.40009633851275367,0.48333683718872095,1.0931170762635631,4,4
0.5440175164232967,0.45855780134341617,0.4239785285743402,1.495492877867966,5,4
0.5189501925602564,0.4055365917739639,0.5393515380723867,1.226691841269842,6,4
0.48760622210980353,0.394029987646778,0.48185196070560465,1.0571471927137792,7,4
0.4807155165892272,0.39595492909219626,0.558644220422934,1.0386943448153978,8,4
0.4015998010164965,0.3390683062328443,0.5674130502283073,0.9483565419957869,9,4
0.3081084635749885,0.2735264317284532,0.6676574197962536,0.9781607994505497,10,4
0.2740749371380777,0.24248093094448125,0.758489969068708,0.6541934311959976,11,4
0.22596887819987435,0.1834892519470246,0.7332584509112707,0.649852468289813,12,4
0.23313170997503008,0.18376352459369685,0.7549040478162918,0.6631959020471311,13,4
0.15324919069933923,0.14070865434538432,0.7877032294712665,0.4158318870630572,14,4
0.11552713707544568,0.09610608442494727,0.8363202924968257,0.3408448343535123,15,4
0.2270533533561198,0.1864743881035354,0.8051608259813499,0.6129129593559363,16,4
0.18519146746730525,0.1380057692629604,0.840141173186904,0.5211874053528173,17,4
0.19459014363180754,0.16321465968087417,0.7443102790604208,0.5082892403927102,18,4
0.35762110022034643,0.2722734843670835,0.5792822611721633,0.9813258964985612,19,4
0.35186532001857995,0.27347810953994217,0.7715207228959959,0.7601580122184001,20,4
0.4573117634816105,0.3354737898778722,0.5066146223970673,0.928240075310232,21,4
0.4429540344660168,0.34293589374933897,0.5095460399864168,0.9209771781810452,22,4
0.43842080235534314,0.3521002058083195,0.5832251634181544,1.001909472057271,23,4
0.44277655017797124,0.32117925488956167,0.5144780946372378,0.9839257756897453,24,4
0.4739585515358014,0.3580717129923589,0.5038134919253385,0.9415698720383824,25,4
0.46565662320434814,0.3707255844678894,0.5750108395674205,1.036359556643737,26,4
0.4047755418713585,0.2983957018786831,0.6411423271514997,0.9810289634575704,27,4
0.3890122476728295,0.28698193684129125,0.5971481932171243,1.0203566505290724,28,4
0.27836729898247975,0.211177994500091,0.7847114301472313,0.6384703822925302,29,4
0.36968996449019315,0.26987500476179616,0.6191259431316546,1.0571961698042793,0,5
0.3271783096717574,0.2717474513629587,0.6568296949399924,0.935655140720391,1,5
0.4500488336727326,0.3377979330410744,0.5456395888101988,0.8978553328304893,2,5
0.5279835724538917,0.4426067071128166,0.45266987711341916,1.1636010199134186,3,5
0.568094956231504,0.48063429274688585,0.454230069599487,1.382623493957431,4,5
0.6044645416625025,0.4475409306346386,0.40564987155763027,1.381390820197044,5,5
0.43049764287146347,0.34527570563402954,0.5267566423005988,0.9086186298404967,6,5
0.5212260855382491,0.40456433660385677,0.4837673128008368,1.224989465745366,7,5
0.506612705523725,0.37661458184917435,0.46230024564128586,1.2595477555555568,8,5
0.4502389325149312,0.3526910925578943,0.5168767100239493,0.9792510457757566,9,5
0.3062814737224761,0.24134745214802553,0.6827447547850618,0.7301682919337102,10,5
0.3265719935631387,0.2728213464222301,0.720324469209105,0.8256848939393939,11,5
0.3588133820247231,0.30537930610718367,0.6509898052766706,0.8808609486153369,12,5
0.16157502845664617,0.1204058852027946,0.8978016105158588,0.4231229712705594,13,5
0.24475842387301303,0.19085726277483986,0.829328251600388,0.7338940132431249,14,5
0.2765560631431045,0.2285544994666341,0.7177310653771484,0.670149373411705,15,5
0.20160915979154573,0.17311987798221296,0.7641283020402273,0.5838210771392969,16,5
0.29495911357766363,0.2000694531220066,0.6616730636677906,0.7850497135965884,17,5
0.25243752660759616,0.21803864951325325,0.757476168714894,0.5838192844266159,18,5
0.312137235406201,0.24709778438223998,0.727143841995775,0.5166672239788601,19,5
0.36035707093159053,0.3158202633555221,0.7147714453608707,0.8415446377595258,20,5
0.45591398075887857,0.3551000808700942,0.4747507599793999,1.1530974319652374,21,5
0.47874076220888623,0.36315833551123644,0.5634425597527375,0.9724076191316101,22,5
0.5560177856000013,0.4460614442139771,0.4935698924928359,1.238106913419914,23,5
0.4717315736071009,0.4049008699327548,0.6461707192037383,1.1261348425229731,24,5
0.5069342336146379,0.4063232407426106,0.4985476046964488,1.1529235237084554,25,5
0.5411726901455883,0.3692982473461223,0.45338660766459626,1.2453060555555562,26,5
0.4877805081321913,0.40687325003898234,0.432461084274807,1.122611958658008,27,5
0.35062867998271474,0.2523475113997382,0.6066809156429867,0.7118155105311352,28,5
0.40222570148926495,0.3021443619456643,0.5388185154231502,0.9098811580493876,29,5
0.3588377266994269,0.2662704761190188,0.5869243773290651,1.000230842423326,0,6
0.44992317710478463,0.31867001900219327,0.501396807589871,0.9589066021118616,1,6
0.48856877371986535,0.36030940713473564,0.43109216714733894,0.9368459522847519,2,6
0.5678779146116202,0.4263103284567053,0.42383160563149563,1.3668898896103894,3,6
0.533119116554307,0.41020235153514945,0.48254991002835657,1.266103203840604,4,6
0.4398483391919384,0.3507074785410338,0.5946091095102838,1.0025903526018471,5,6
0.45361214271321415,0.35531479277090977,0.538037659915323,0.9523167600614709,6,6
0.5336406482301702,0.3874123320700186,0.515630937920782,1.3242620757020764,7,6
0.44717588260432783,0.3536783310189885,0.6026048349053751,1.005397773872415,8,6
0.4719031397260119,0.4004743822678093,0.4487387851835435,1.0658847684364645,9,6
0.38021270882261515,0.3221962555635086,0.6026858573008838,0.929152884949812,10,6
0.28232196865833925,0.22775833981484245,0.6517908735272385,0.7819023035785017,11,6
0.3337240398478024,0.277314450252632,0.6139174265276492,0.996729028903513,12,6
0.2098619299462937,0.17725210799864613,0.7959420635659266,0.5854734078518848,13,6
0.13210286689465905,0.1146762039913593,0.8582516708438372,0.5271143173802894,14,6
0.3379244198615686,0.29900313891424396,0.7318939323831664,0.8356427979326863,15,6
0.15469437014164195,0.12127823455769686,0.9443338771811784,0.3348654792070678,16,6
0.31142434481060766,0.24490944241143286,0.7062795852385011,0.4822077481915757,17,6
0.36671784390354917,0.32037935824971103,0.6204361285233359,0.9797618186789252,18,6
0.37389406108114337,0.32829900611165946,0.615581992494273,0.9892624880041653,19,6
0.3308343445394043,0.29015258674645755,0.665387668543908,0.8891641828449331,20,6
0.510842446039253,0.3488144879824033,0.5146047145329945,1.1353561589603134,21,6
0.4250057431268772,0.3353361318579933,0.5351474032106065,0.8678786536500206,22,6
0.4549237004176505,0.2898884084183062,0.571134115361446,0.9992879390365422,23,6
0.5144552171340754,0.4303401408136459,0.4702573631417024,1.1650825956154953,24,6
0.5667163482733885,0.4549489944933298,0.4831184814323455,1.3619208925865793,25,6
0.5219176656997285,0.4188958025288404,0.5431781760398631,1.2083536507936514,26,6
0.5140731672580958,0.4077192751081662,0.5697842147009535,1.2215717222222229,27,6
0.40847165868269997,0.35339684085043693,0.580752491733516,1.0027790810038801,28,6
0.37414945636185726,0.2938362793139217,0.5554096476563293,0.8673248165321952,29,6
0.3396948847296711,0.289303087879535,0.573147060038176,0.9017600274509415,0,7
0.42860368099719426,0.3547466522191774,0.5538923297943937,0.9539065288219503,1,7
0.5169842640074906,0.4228108197473674,0.4093047658057181,1.2432144733766224,2,7
0.5057136711627086,0.416267980243297,0.40913313034884424,1.234116711255411,3,7
0.5648572007565452,0.45501242842817036,0.4147174309778414,1.412203039772727,4,7
0.5176680236381237,0.38582508195655174,0.4302939594774162,1.2682546406926414,5,7
0.5062786524709622,0.4231532560077076,0.52542661649587,1.1847150133021949,6,7
0.5128344648934556,0.428558541099677,0.581344356678644,1.1737991507936514,7,7
0.46414072757406977,0.3679734537027324,0.5218682996359905,0.9887893728434257,8,7
0.4584165522996575,0.38348172290050064,0.5546028909788837,1.0916365577326101,9,7
0.38924838345463786,0.32889403926579086,0.5292921129255984,0.8765081599101001,10,7
0.42058567367353267,0.30951886955641544,0.5859099599947784,0.9846602548825196,11,7
0.28242208008436753,0.22393055391953443,0.6799908121194114,0.7082102138614559,12,7
0.2526622849832126,0.19653021788236777,0.689868472672132,0.6797317248828594,13,7
0.19652119256744235,0.14832279706161985,0.7079160815250835,0.5012813873984823,14,7
0.24966664412766143,0.2037568730862363,0.8278494317843856,0.5100002431504724,15,7
0.2981663644046376,0.22596273136104705,0.618712091779156,0.9413183367928365,16,7
0.25638202323959947,0.19953722919102468,0.6807564499877432,0.6915029248405105,17,7
0.33108474576591,0.26893018731768353,0.6669915772791482,0.9585651034798537,18,7
0.4162617093833315,0.34029082782383613,0.5958010190861655,0.9757817343130479,19,7
0.42245183271905007,0.34475335509460425,0.5898378822166107,0.9658674565352701,20,7
0.44792793765707306,0.4083738454170554,0.5551941563448112,1.1923590770676702,21,7
0.5595306899460866,0.43353313004010635,0.39357593110260375,1.320445382467532,22,7
0.540749210388263,0.4393637669302953,0.49539888112829944,1.1414103160173166,23,7
0.5661599615027437,0.4187929397210052,0.44128325586665756,1.3709382438672437,24,7
0.5996538955263404,0.4941554615902734,0.32559051896879065,1.395738237373738,25,7
0.5779708697849464,0.4957098253737763,0.49998837641136307,1.2916623442460322,26,7
0.46996764729329465,0.40449786655824804,0.5108193617451683,1.1231480908080222,27,7
0.4181754676846821,0.32124633188366564,0.6271448297165182,0.9749780517677807,28,7
0.4107671708045377,0.3228739998426354,0.5144242586227754,0.9541272201341893,29,7
0.4037054508242669,0.34844601119986507,0.5347635136884886,0.9129827218318392,0,8
0.3632469911424865,0.2889017499485229,0.6060682719292395,1.015457044193778,1,8
0.564889046598566,0.4789884708456597,0.3985399115391495,1.4576928788780663,2,8
0.5354662436847033,0.4023380317990492,0.5132059120206595,1.2678090583860588,3,8
0.5916962247965136,0.5142837047722846,0.3251876490658845,1.4483736540404042,4,8
0.5014790114498668,0.4269403717165668,0.5048286181373475,1.1839975038671855,5,8
0.6141015134966453,0.5055297636748457,0.3332949797078365,1.6224870521423023,6,8
0.49525599555223704,0.37643081157953834,0.5287043427961577,1.1119123583030643,7,8
0.48229455248909375,0.3819842673031642,0.5262326637788218,1.0948499472881532,8,8
0.3725191601314916,0.30083270835266224,0.5980861867470583,1.0174145494827618,9,8
0.38577948798603623,0.31370453893439015,0.723541418106082,0.8214373063570448,10,8
0.3358712657176287,0.2669374017638173,0.6600592384743386,0.9457232098540981,11,8
0.2979218818006074,0.2350836362729395,0.7551175811423024,0.6200333689120484,12,8
0.29974325805709445,0.2426789706493823,0.6321008732600655,0.7709279861989861,13,8
0.26533814159840313,0.23078527779048383,0.726714715207877,0.6355844640378542,14,8
0.31110998045973204,0.2176543919691573,0.6916053487754666,0.6338574636982917,15,8
0.25441011163673416,0.18607717626118248,0.7508272463148026,0.6222739462390504,16,8
0.2573891133224752,0.18602961163068585,0.7237182617656371,0.66727055554641,17,8
0.34640614277116416,0.265226250872604,0.6105004744607316,1.009161973347957,18,8
0.4255453766378047,0.3034083179796951,0.4181424170871681,1.1057521494708988,19,8
0.5048224822662517,0.4178193520358062,0.4651689041636168,1.1632778715439531,20,8
0.5283739779409571,0.42522799233304337,0.4241610568390895,1.1666209603896096,21,8
0.4363971024724358,0.3435802988022503,0.5492541108765367,0.9104614357013027,22,8
0.5685442534617364,0.4354610304219241,0.47287865155564274,1.325663457375957,23,8
0.6331434283099371,0.5114804146447005,0.4762369190113793,1.4417922222222221,24,8
0.5580061447814244,0.4513781361063714,0.4671331997884924,1.2508148467532463,25,8
0.5086960523026393,0.41535701536453773,0.5407323292242212,1.183046673475356,26,8
0.5165790024999196,0.39443351343466143,0.5135357175288141,1.2598265042735048,27,8
0.4330779578955491,0.36052252833026643,0.6019561848782414,0.9844956728623139,28,8
0.44230048588140963,0.32136330119060946,0.585936485242632,0.9785740699008882,29,8
0.42348820746160193,0.3652466413904257,0.5621773970408472,0.9065528388074797,0,9
0.5416831670547049,0.350016138532617,0.44090178025680027,1.2593888713450299,1,9
0.5398892007380941,0.41588605109516724,0.4755476935485647,1.2367758705072702,2,9
0.5120970464282332,0.37889312723780033,0.576819946854545,1.2819472222222226,3,9
0.5989019941065395,0.5027705591810696,0.4392389554890565,1.4398264660303774,4,9
0.6207185281237069,0.45048172881307386,0.4588660634827326,1.2978078333333323,5,9
0.5350616462672633,0.4767892494194871,0.3992897201055975,1.4805130459776334,6,9
0.5171725191788717,0.373797139920246,0.49529484867787366,1.2561772222222232,7,9
0.3862118459309756,0.34814023935966826,0.6329941830686775,0.9537274015683075,8,9
0.5015537965144081,0.4124780085722994,0.5238037887557018,1.2183261720323544,9,9
0.3785323590734018,0.3034072971232033,0.552100483599516,0.791156443534018,10,9
0.2550370921988086,0.20958675519590558,0.6521177943472464,0.7836434486500339,11,9
0.23254442720248478,0.21152913902122195,0.6606066043735814,0.8921283654970753,12,9
0.28046361654530433,0.23689471629842562,0.6989847410529234,0.6094991569533935,13,9
0.31414695117480923,0.2162370721120241,0.8025526312516197,0.5849523109765282,14,9
0.27166072171275263,0.2335497726439944,0.7387061854902325,0.623167852926743,15,9
0.3152000123239184,0.2558128107041688,0.6237457004971245,0.8108309488825444,16,9
0.26590803087021575,0.1912274599765721,0.750586945457479,0.6834795928840723,17,9
0.2940862844468191,0.24645140519821224,0.6903925190915531,0.6858663204559129,18,9
0.45220611860421495,0.33438138171931553,0.5559341799388852,0.8718762772749338,19,9
0.48099072002487725,0.3891501860083866,0.4960387785857773,1.0003298514439385,20,9
0.4999455671139657,0.4057868922894611,0.4349600678594345,1.1854199731601731,21,9
0.6025668705545142,0.46251834131863806,0.37054084474025806,1.3865159134163259,22,9
0.5159249161026149,0.4294446842478372,0.5195181963314922,1.1621929906204906,23,9
0.5529046270217832,0.41408128272680134,0.4620923075278051,1.2665566259185264,24,9
0.6199889964530045,0.5019177395365004,0.44094817594368063,1.4334309422208538,25,9
0.6401810003679227,0.49462576133048414,0.30618007849020545,1.5656181520701526,26,9
0.5153353433118741,0.40756157200370946,0.5371077311472043,1.212438507936509,27,9
0.5560091309349462,0.4982645495620368,0.44715382595257047,1.311857220941558,28,9
0.3940124002873174,0.3174172652234025,0.615857354385862,0.9712251978147164,29,9
0.4544185268891449,0.33882871175190804,0.6082408442475393,0.9646607149660906,0,10
0.47713508485231493,0.3789113365561593,0.5167415306603887,1.0903989821748352,1,10
0.4492947439423037,0.3421544948344925,0.5639685763720179,0.987026817912852,2,10
0.574983025958435,0.46074792105097356,0.4576163378372897,1.4555070498737372,3,10
0.6291010180165616,0.5083741825734304,0.40400132585696885,1.7444324108355727,4,10
0.5802976953633665,0.4667038841539915,0.46119446497147343,1.4935424387626264,5,10
0.5737547861924548,0.46140816488433156,0.49171512199169426,1.4656903074494954,6,10
0.6219017085983701,0.4805913490653738,0.4055970020908224,1.6568514703593826,7,10
0.452778434549291,0.37239221426647445,0.5263289090488302,0.9788628966529497,8,10
0.3952971845930483,0.33713627034407234,0.7283204070625584,0.7277694015951408,9,10
0.38901122449015973,0.2991407913548716,0.6107451069690185,0.9875598431889501,10,10
0.3151165299451792,0.2511730790406172,0.7051681190732241,0.5503960836894113,11,10
0.4020905794777245,0.3228927689803317,0.5620478259418914,0.9538817387320566,12,10
0.32088868369258117,0.276826644683693,0.571531526524527,0.8185525489028939,13,10
0.24670240089280573,0.21067567712219307,0.7159984247574471,0.6335454639296931,14,10
0.2591830979275168,0.197885672241913,0.7456956501155831,0.6533564173928967,15,10
0.44845758735199315,0.3603884664319487,0.5797581508353716,1.0062571938617824,16,10
0.30427161335007624,0.2206884707197469,0.6988293198222065,0.6140057249117512,17,10
0.33684643587115365,0.2532160463714608,0.7046117022824214,0.6807147241415517,18,10
0.436928540215611,0.34987103837743133,0.6143739376362466,0.9913315606218975,19,10
0.502089223498137,0.4174856303305592,0.549082190318996,1.2313327845864672,20,10
0.5263482049880355,0.4461957762554748,0.4756783532858283,1.246799043722944,21,10
0.5068240494282346,0.39758322020031545,0.4991796728038675,1.194236802929235,22,10
0.5193181889520826,0.380324125755224,0.47182960033196686,1.3276909343434349,23,10
0.6175180742228414,0.506268711981684,0.34068930228105077,1.5176423206862584,24,10
0.5797540240595148,0.45878717061368607,0.4934894438645083,1.4579184741161624,25,10
0.4800127356943613,0.39418550119815476,0.45984190555349225,1.0521746813563626,26,10
0.587257216428527,0.4745074768327437,0.4111069361136302,1.4535456168240284,27,10
0.5245927145286803,0.4384474642954022,0.4887098307598249,1.171309734199134,28,10
0.4258833236774769,0.35464644369249076,0.4691454937670033,1.0749097097430147,29,10
0.4387109417971907,0.36947355882741917,0.6004468010106254,0.9595494167295575,0,11
0.5111923568710567,0.3972179567278322,0.47330592707556596,1.1804626376068377,1,11
0.5081498080405857,0.43181295457217184,0.5050763994797249,1.1338388927560745,2,11
0.5084618646465717,0.39398094330386624,0.47701469130816254,1.1863604007647326,3,11
0.6123825246418576,0.49250674077403866,0.31294039760868386,1.6049481910311914,4,11
0.5295498214480403,0.4729036512395664,0.4823212149440273,1.508281492586579,5,11
0.6106069860680063,0.4993788929453856,0.396721948488319,1.6648658237282357,6,11
0.4939880727576331,0.3663877108364898,0.5579420149945661,1.0302979379020223,7,11
0.5240967549929475,0.45833382777009135,0.5017209482625241,1.4277815585317462,8,11
0.4771874770349288,0.40561155599196574,0.44074903492201845,1.1271618753246746,9,11
0.524637748149496,0.4496269730743833,0.532520097082639,1.241754642857143,10,11
0.33552160721779895,0.27172565619044403,0.7063879450305017,0.9511736814658199,11,11
0.277821928165155,0.22706142301054924,0.7625978405848239,0.637039081882972,12,11
0.28688846597549034,0.22616846958415981,0.7395126350181249,0.6251402784349582,13,11
0.24751353822710198,0.18934869460843856,0.7193637138906429,0.7199018357661902,14,11
0.27421203624569235,0.24034678188976313,0.7545689913203701,0.6699670209395875,15,11
0.3402373802028632,0.26592340014004034,0.6436962908000384,0.9449984055823891,16,11
0.38716809055313856,0.3004289225084222,0.7590473121463776,0.7801441386551815,17,11
0.4717188364953488,0.3669148188886686,0.5185865779761586,0.9540242676486201,18,11
0.39867257658845473,0.3560613205371134,0.5480127542682575,0.9073860742764959,19,11
0.6158966440627129,0.5197593660803926,0.3692418432814812,1.5510061475988097,20,11
0.6281664830318152,0.4909776787803347,0.44598845955318134,1.3752263998015872,21,11
0.5558721061976664,0.4434296727292294,0.4177772529490644,1.2417238467532457,22,11
0.4764996469488129,0.3933611949046913,0.40347737921879884,1.0237993063152526,23,11
0.5973485347144727,0.5041163911181583,0.47826081617306493,1.4467547093253967,24,11
0.5998820209906695,0.43160041056482656,0.41865407377441444,1.3345406297208537,25,11
0.460915043759108,0.3895604110544762,0.5164510452287422,1.0849248804143146,26,11
0.5461918630888464,0.4309992814318761,0.4917106347795422,1.2068484479964487,27,11
0.4896116543100957,0.37489479008998516,0.46641402585297337,1.0934378213323714,28,11
0.41243857370855014,0.32190178808194153,0.5310738145046898,0.9206318265767663,29,11
0.4968487012708339,0.41715236572068,0.5529401055345967,1.1871005226817055,0,12
0.563679889906069,0.5005035596318917,0.41270220322128315,1.4104057558621925,1,12
0.5319845124050904,0.42952215920768827,0.4967396957192649,1.1675963441003443,2,12
0.6011445791301429,0.49765464647860924,0.40163637943165614,1.4320335533319652,3,12
0.5773101469031955,0.4383508892985276,0.46653849002514847,1.2767582727272726,4,12
0.5759669772975484,0.4749234948546561,0.4316301392912087,1.4406308700707813,5,12
0.6088385853803288,0.512113835315662,0.29087557680494525,1.6410969361471859,6,12
0.6060126276019373,0.4397218221106889,0.4302099953835207,1.3181954154351385,7,12
0.5146856770197964,0.39854916976642085,0.46375050157251296,1.2318208163947164,8,12
0.387079319328543,0.32496854628128763,0.6592145356811379,0.8987885132398601,9,12
0.47858863074992963,0.34078141504414633,0.5292056372898422,0.9050390954019042,10,12
0.32270598548186386,0.2521318008642373,0.750635414325807,0.6295661725303091,11,12
0.3684622537129867,0.305836520010477,0.6179609525977046,0.9730000234645075,12,12
0.4219417462736288,0.30188748760185025,0.47734275634975354,1.1268317639146175,13,12
0.3166517857328283,0.24704137791506953,0.6694530531704053,0.6265748418698852,14,12
0.25800576276515275,0.20711203871106745,0.7698436338793849,0.5760881329412368,15,12
0.25993148238149394,0.21951725378416675,0.7250794348163269,0.646014272161104,16,12
0.4208853988185053,0.30979824388236604,0.5578347519814709,0.933821552464248,17,12
0.401686451369654,0.34363292535558354,0.6741208510370673,0.8954585296629799,18,12
0.47628631321282117,0.38830849153476366,0.5182126490373704,1.0290941107173446,19,12
0.5440778973081122,0.46782119002361655,0.5106822604786315,1.4653350585317466,20,12
0.5404002052639346,0.46375039012846536,0.46910518416290103,1.4564653381854251,21,12
0.5644113377165868,0.461146377584213,0.36534896421404806,1.432233798846987,22,12
0.5574963644926606,0.4595372362213043,0.3975246428246023,1.4776224731060605,23,12
0.46117201517109585,0.3288283901422865,0.5251943898767093,0.9905935808488107,24,12
0.5341497155591219,0.39126093116587496,0.48328097921121377,1.3274257211566214,25,12
0.5861909157650075,0.43948749972169315,0.3752975355770078,1.322196201149425,26,12
0.5475302728435274,0.42849694175157604,0.3837952899355207,1.2579136363636356,27,12
0.533590464552484,0.4517707432788105,0.41768110646178425,1.2763958467532457,28,12
0.45918289946891194,0.3264006419895851,0.5167161242806602,1.0033789347236939,29,12
0.487278220451526,0.382027164079875,0.4704846543901422,1.1329061877344881,0,13
0.5665955139300198,0.4158462260054471,0.40621838422462475,1.442109664502165,1,13
0.525834230177664,0.37971271582432903,0.5692698187895734,1.3052372222222228,2,13
0.5891057995934217,0.514787362645035,0.42685267012924016,1.4200282755541866,3,13
0.5434822021148219,0.4374632960187078,0.4175947201820255,1.1901729246753234,4,13
0.6777349963049117,0.5975980003467452,0.32368991381464535,1.8681291587301598,5,13
0.6205777488468648,0.5332042237702654,0.46025439974297655,1.383412185515873,6,13
0.6181257599533281,0.4660236713820776,0.4161686994752732,1.5608332084546206,7,13
0.6337675809175871,0.4482421709462447,0.3630614487583529,1.422835182584657,8,13
0.5655332031319359,0.510961725159975,0.3685702106203528,1.425393288440726,9,13
0.4600924199130608,0.35875652961332544,0.4568108790003137,1.1523024900460446,10,13
0.4557112466742002,0.33848982811914613,0.5290778859062049,0.9224245269696836,11,13
0.30457022026860825,0.2541816682299906,0.6919509012338777,0.746514245305573,12,13
0.3684790104776519,0.29729796546144993,0.5521227860539029,0.8259020410437948,13,13
0.338231870194631,0.25923105757311105,0.596690147241636,0.7816662973766428,14,13
0.2503729159865846,0.19596787822270142,0.7493325401900475,0.6700242132081926,15,13
0.413649539557558,0.33425624177339197,0.4772403502139422,1.0482766988734502,16,13
0.3409515671867337,0.27402196864665856,0.574604179711836,0.9534258607842753,17,13
0.4504884155796564,0.3774081854939793,0.5486670806040377,1.1217798910659444,18,13
0.44209574548448,0.3458633275583036,0.587707835998599,0.9689936350693797,19,13
0.5612330553565452,0.4393570309806187,0.4564655414640527,1.2533060372294367,20,13
0.6222565115791192,0.5164925370641789,0.4294228898237938,1.497297327502239,21,13
0.5521321791931997,0.450345109745945,0.5285189476762199,1.2060528333333336,22,13
0.5421369181061381,0.46337141418813466,0.5045187291286004,1.4393782251984129,23,13
0.6225198544246239,0.49023726132526296,0.3659876871352404,1.5650385813594938,24,13
0.6662886755568338,0.5297549962277598,0.4420773469713158,1.4021541455938702,25,13
0.5848980864206832,0.43411147535212585,0.501188640378438,1.3214568614163626,26,13
0.5394102979088288,0.47196258700168814,0.5095088378165615,1.443152002976191,27,13
0.5516196871537822,0.4028540196767268,0.4097315977894255,1.3144527764069265,28,13
0.3412344714240667,0.27643502549269744,0.6808582121469816,1.0105699177295562,29,13
0.4598676696016759,0.347384954868413,0.437458126705047,1.1229918471889018,0,14
0.4718088627210438,0.38540600300032146,0.5136223257829795,1.02361008745844,1,14
0.598620265747204,0.5011758814188827,0.2789837657719365,1.4879534033613453,2,14
0.5804443334591834,0.41677963045713456,0.40064912856623963,1.394278391625616,3,14
0.5818775642476942,0.4593648766784223,0.47158959971270265,1.4556674438131318,4,14
0.6251919016579625,0.4452395055789128,0.37794280533084174,1.4312999325846567,5,14
0.5590295351436024,0.48647534573792905,0.524033676294055,1.3697700386904765,6,14
0.606771569375293,0.47197290855163415,0.3954840118447136,1.5434135526659645,7,14
0.5363179093208865,0.3867782490934454,0.47110330797539673,1.3228147878232883,8,14
0.506478062468711,0.3874067990985484,0.4807752829175484,1.2480100376068384,9,14
0.44102869069371986,0.38173948124815854,0.5880070793526722,1.1055267202974493,10,14
0.47573322808444624,0.41597053742178786,0.5250349464557489,1.1469359144565967,11,14
0.3845058453555487,0.33203259515724076,0.6781017193551302,0.9037096710771211,12,14
0.38680223324192076,0.2942723135437198,0.6964129783568473,1.0020493686474121,13,14
0.36906873727019107,0.292444917651112,0.6521831474453758,0.9916421991980875,14,14
0.3047719222178197,0.2687288362747988,0.6416055750069777,0.9827297094645553,15,14
0.3890753090316801,0.2970281542603384,0.6415721947370149,0.942433788155748,16,14
0.4074039531599597,0.31910527374675335,0.663101347568066,0.9495968917502384,17,14
0.4458025114506784,0.33538053502421517,0.5895003877408926,0.9613481350693796,18,14
0.45695093143204596,0.33896452583192743,0.5604428369162278,0.9856693298176142,19,14
0.5040068097718636,0.43360262405924827,0.5458613913265037,1.239032625856308,20,14
0.6097141259293208,0.5069980431179024,0.4590540641047643,1.406765518849206,21,14
0.7165257349049421,0.589329082840836,0.15567711437876589,1.7043423611111104,22,14
0.5909435984008663,0.48988211788403546,0.4879162050145942,1.4039575585317459,23,14
0.6696058707397304,0.5698786345540408,0.3719962342230503,1.5262577832722826,24,14
0.6193233207415927,0.5422288070504577,0.407658749149445,1.611899652899065,25,14
0.656499627964491,0.5249634541398372,0.3185985676123318,1.6024334448051942,26,14
0.6057952459223335,0.47431214085915857,0.40843289233024005,1.4943219263478378,27,14
0.5940049552672528,0.44479632143147335,0.43931320956190095,1.3397348440065675,28,14
0.353364210188133,0.30181379200634284,0.5752892901456411,0.8900642796928527,29,14
0.47684241780831715,0.3691961444616293,0.5635386589820881,0.9963387609727414,0,15
0.5053825203312913,0.3665386822100916,0.5011288903671473,1.1541540434343447,1,15
0.5922733004367338,0.4658586536089012,0.48410476171177264,1.5080187728174606,2,15
0.5948566123950858,0.47660931191974726,0.441977916326775,1.4603311168240285,3,15
0.6193802727250314,0.5212861716614052,0.3748120754995469,1.5622022190273812,4,15
0.690769554806389,0.5872835189905077,0.3149558836928814,1.863073440476191,5,15
0.7413394669166482,0.5659756208462535,0.29377006575426906,1.6930044087301588,6,15
0.4800293316752139,0.3648171210424264,0.5303527260599898,0.9169068523032153,7,15
0.5687071299703529,0.44563507998279484,0.4616912139290646,1.3138407467532462,8,15
0.5547448073509197,0.4101944233042279,0.4126098718358386,1.3290705145021646,9,15
0.4909153539382393,0.39003977408277735,0.44961825894936813,1.0772332155122653,10,15
0.42665643222760374,0.351163782468694,0.5477296190802059,0.9071694076098291,11,15
0.3360682552007699,0.26957590002883647,0.5954556334925438,1.0380920466080301,12,15
0.3272361272251018,0.23539181274063434,0.6369040024248533,0.7174735437386685,13,15
0.39512167200313225,0.2925466554152201,0.6256258139748665,1.018488879916644,14,15
0.4126606963582317,0.35665994626711434,0.5087065171939674,0.9161300072324287,15,15
0.37920347421544937,0.28414954392982755,0.5622838179622487,0.9044868933245909,16,15
0.3619330143937312,0.3029103719823128,0.6778476100366592,0.9407018471057351,17,15
0.4486987349684236,0.3731371716991695,0.527807546920389,0.9910703966529496,18,15
0.47867671005941265,0.3752334831237154,0.5238166942079625,1.0260643546955601,19,15
0.566422348759135,0.424902724628683,0.37474943411980033,1.4007230714285712,20,15
0.5901445861849287,0.4783247156246555,0.3606218193601928,1.3922969927814046,21,15
0.5901313842034004,0.44595869162671575,0.3977010130408153,1.3680928678160922,22,15
0.6557767129606092,0.5188573598797042,0.42883087727669844,1.4796442213514462,23,15
0.5977063296171712,0.48133405643132343,0.4274929432738657,1.4012378549192663,24,15
0.6924296465449,0.5291244602659634,0.2268399187557869,1.6458794279756181,25,15
0.6901666627891551,0.5443036245007755,0.33524021651279146,1.5746400812520809,26,15
0.538747480562074,0.4226900874946459,0.5103780607579804,1.2010288441003443,27,15
0.5758441294921697,0.42510276087368876,0.4617376480574946,1.333775753191253,28,15
0.457333438803839,0.36150881490616993,0.48445902249893946,1.1206868084020192,29,15
0.5742738732113726,0.44112138708798243,0.425423834034156,1.3447166060606053,0,16
0.613790815594512,0.4350494635740787,0.49539728006544476,1.3210233058608065,1,16
0.599956880204248,0.46983414110486665,0.3563556892474242,1.4678883023052145,2,16
0.6945896903681077,0.5458451021581406,0.32510864653321236,1.6973700610500615,3,16
0.6436675962482403,0.49546651920073664,0.32179402821300285,1.5160088742923747,4,16
0.6383191756749842,0.44485472739643744,0.3011279671532821,1.5099959219114225,5,16
0.6316001684154807,0.5297885654681838,0.34982388338392967,1.505452865134864,6,16
0.6279714232973589,0.5238402128310293,0.4265671122122976,1.4709064941689056,7,16
0.5818521525667668,0.48440644461819554,0.47914585506151813,1.399650074404762,8,16
0.5606524705254458,0.4576279809168536,0.39830484632833163,1.4441228064393936,9,16
0.47371887519871175,0.34920540739588773,0.5056458780743419,0.9530386328138389,10,16
0.49594109519059765,0.3998001808175502,0.46264499900419154,1.123055763318845,11,16
0.468583198884574,0.35313329516080916,0.43057638578679125,1.0901851147327613,12,16
0.3633697520748035,0.33043968489600267,0.6699856481824995,0.9416030824551808,13,16
0.30130693877632686,0.23320231439976943,0.7796542225641453,0.6652742180647726,14,16
0.4088593385511582,0.34073487012994025,0.6692459870130384,0.930932711481161,15,16
0.4450906792221024,0.3215225740328639,0.5347014638590357,0.9518511837196239,16,16
0.40937231663515916,0.30335254526187216,0.6601453767338868,0.9667929048745415,17,16
0.3933804370662659,0.30415228709406394,0.66435559229217,0.9525367766694132,18,16
0.5178098482944774,0.43243649406144496,0.4685063889550024,1.1825490241869234,19,16
0.6291686276544549,0.5205629108720764,0.37379567780192813,1.5609227872091995,20,16
0.5042064039474425,0.4106297399225118,0.4806102070630021,1.1752975382106199,21,16
0.6589102482245195,0.4660473877341385,0.3563320842335547,1.5279386584698835,22,16
0.6443544362132052,0.5519344183332889,0.44969230214357914,1.4131624999999999,23,16
0.6276859780310057,0.4730811354405128,0.32938678093169493,1.5137927195304701,24,16
0.6901321312673995,0.6078478026080686,0.25354434037693774,1.970571888543825,25,16
0.5799015106980278,0.5180310670527712,0.467165867057371,1.401319676857864,26,16
0.6263130229201548,0.526922769370853,0.38010042377777487,1.5509468943520568,27,16
0.6342478321432775,0.5387434462635852,0.2746715467821323,1.62912822911892,28,16
0.529524122599237,0.39022494390332435,0.4233612547897389,1.2443308073593078,29,16
0.49066663719504955,0.4558544347046988,0.4715074721407298,1.158506550595238,0,17
0.49341255243162885,0.40010461397892033,0.4797086756402671,1.105562152207734,1,17
0.5611609817844115,0.47698076835029063,0.4585290056224312,1.3947036495129859,2,17
0.5665750018494731,0.42894903378741533,0.48678422961097334,1.3252402510267507,3,17
0.7589968789950892,0.6047306085807205,0.2365770348161245,1.9136350288618382,4,17
0.6717885456518036,0.4975649983025001,0.3393349809549907,1.3724704536574523,5,17
0.6215710651234451,0.4898024461076313,0.3449027223756405,1.4729637416264287,6,17
0.5838966313559131,0.4675689272439538,0.47087346711928474,1.533956423611112,7,17
0.5584535714691232,0.4539059131994715,0.5124752879195347,1.2761949791666671,8,17
0.5499361810621911,0.47833028143250106,0.4406510624022954,1.3776731852272721,9,17
0.4541343751375176,0.3742257941230577,0.5126192967080685,1.002558341097394,10,17
0.5553147731011704,0.4510191699320651,0.5520992930614097,1.2327558095238103,11,17
0.3939583702431232,0.31592590115179264,0.6562613083926,0.9538720951564815,12,17
0.36282680726871547,0.32673283404248304,0.5963957444096403,0.9643331265318906,13,17
0.40184668872223356,0.3098425409052029,0.5174426161862548,0.9288223611306197,14,17
0.4589879980493337,0.3944590115623337,0.5302104422433935,1.0689435745535087,15,17
0.46815475437339893,0.3286149595922176,0.5957038821484634,1.046590334634692,16,17
0.406936873442572,0.30768913896102223,0.5697819027956736,0.9498042119159075,17,17
0.48427079450907884,0.39735630840620717,0.507413124489068,1.0165626256142126,18,17
0.5257296783313518,0.4163504411203383,0.4536218137335899,1.1755821836940832,19,17
0.5932230492277004,0.5637794610274998,0.44333812492375757,1.5243743152367262,20,17
0.6246010688983429,0.5802374017770364,0.44918913903270175,1.3769444236111101,21,17
0.6016156477516262,0.43559565831330505,0.3394616357760636,1.2756635,22,17
0.610819760540678,0.4559517034478265,0.3788206517737226,1.4745837046806165,23,17
0.6930455480538475,0.5495142358957134,0.301039126850202,1.7672720476190482,24,17
0.6198383516530811,0.5498044435679335,0.3531106385761218,1.6577399999131603,25,17
0.7267972777725262,0.6227479109760312,0.21749712142694275,2.007839343630404,26,17
0.6272553814833012,0.5120718051749062,0.4179304702994216,1.5669998275022392,27,17
0.5310741100054743,0.38730283053051456,0.48086782702738773,1.3406489544899551,28,17
0.518401016019522,0.3928391954591267,0.5217759315008107,1.2672218888888893,29,17
0.5229104975897544,0.3481636984027655,0.557060458984711,1.2296627771421316,0,18
0.5896091005561483,0.4264408509908859,0.3963374145730691,1.3859738916256157,1,18
0.6863444368305095,0.5637881677423962,0.3449644867018698,1.6598485357142851,2,18
0.6002078151713715,0.5039380924913891,0.3838720797967968,1.438866095650757,3,18
0.5994295241842632,0.4405591843860123,0.4003991181506658,1.3690249868637108,4,18
0.7149584217975679,0.5759571729495517,0.30597357553564486,1.833477557997557,5,18
0.6787582266752518,0.5983316140852221,0.3173765760358388,1.8961020753968263,6,18
0.6707614222424946,0.5422267436029509,0.257996235645726,1.4999850798515206,7,18
0.6478362674682021,0.5084883744176558,0.43191843800638013,1.4329781102403345,8,18
0.5714690092301343,0.47479072060470223,0.4404238102569213,1.460556926497114,9,18
0.5720424961550191,0.4728628138392339,0.3750062630726586,1.5007325528152409,10,18
0.4406424208372516,0.35439935924352883,0.45322850060013686,1.1759756567127113,11,18
0.4483398229540539,0.3467818579277967,0.5548264356569199,0.9143644161638228,12,18
0.37421095493205786,0.291523312452999,0.6628724606378068,0.9921436414780297,13,18
0.34375660026642973,0.27664565354530646,0.7111656366891312,0.9206769801671184,14,18
0.431024329152754,0.3330923292627758,0.6293143600799626,0.9623312200947771,15,18
0.44420171249982265,0.38508485760976474,0.541151346582672,1.0725171967339597,16,18
0.34802193920119606,0.2940465257337863,0.6886783789392492,1.0232282707099092,17,18
0.4291925347555072,0.3668068476230894,0.4980436670874778,0.9396023581096214,18,18
0.5466572258062049,0.4928913687697213,0.46532865934301254,1.3332961137987007,19,18
0.6340330303302659,0.5574540432889632,0.41625011934250433,1.633751050355774,20,18
0.5923109245594272,0.5160033650207766,0.38156816047325437,1.4268415956507574,21,18
0.6534096643191565,0.5350155545584243,0.34297083928484046,1.454671428626928,22,18
0.6169550389353333,0.487765321112005,0.39279917975596346,1.6180186686610813,23,18
0.823596443301822,0.7538258392765462,0.18776161844874031,1.9950574999999997,24,18
0.7165644199537493,0.5492790496546351,0.3624460419087635,1.6862472648930018,25,18
0.7171598671651642,0.5516766548348268,0.23322614827639163,1.690750036219714,26,18
0.6719530378998649,0.5085013048113542,0.39956045022490316,1.6934360714840722,27,18
0.6428332744572745,0.5213337931931611,0.2991364525503192,1.6469316352813852,28,18
0.5786800072094566,0.47517340757375837,0.39235777859711857,1.4237647222186347,29,18
0.5453095884224368,0.46444310117261617,0.4202956932275007,1.492607115963204,0,19
0.6471648568140445,0.5105883936047959,0.3529475822823116,1.5094659676884417,1,19
0.6568020945598753,0.46862877134884895,0.32286066301281346,1.5196800806415813,2,19
0.7510511183103354,0.6129573411033634,0.2775753514270106,1.815225060952935,3,19
0.6698240722899976,0.5686162180343698,0.33523259163349595,1.4944459563492052,4,19
0.6847859489776998,0.5490569478313447,0.4298899890164003,1.5865567753357754,5,19
0.7344731842097888,0.5828269355264788,0.28932278012090523,1.8084588832972577,6,19
0.7403755455035481,0.6132756697901018,0.2514437608835674,1.8532330059680655,7,19
0.6466601106577077,0.5637815520240973,0.37654326764662965,1.6571908278283018,8,19
0.5586881441853464,0.4452165150833376,0.47571474675536674,1.2503640134199134,9,19
0.5399033191480909,0.39369331866605045,0.45504128393907955,1.2668392724386717,10,19
0.47417439633002356,0.3660515888478306,0.4745718716902896,1.0157619373878843,11,19
0.5537559256926186,0.4385206262885718,0.4103976732665307,1.2579374658008649,12,19
0.4744776163325404,0.33694441063558334,0.5389067760039586,0.9298681836796396,13,19
0.47726713716627633,0.4002581674117753,0.5689515794148257,1.0599979691126686,14,19
0.4291222242893808,0.32690097068631974,0.5994771864253747,1.0131241023684203,15,19
0.4017860073875731,0.33169562373321443,0.5983633807981501,1.0002871286344126,16,19
0.5175772289163162,0.4191731047514574,0.515153427287282,1.1847199869574871,17,19
0.5817830769631918,0.4564537989838485,0.39806946462225323,1.428942160835573,18,19
0.5749490775946315,0.5068325133230134,0.4425418131964124,1.4395837324134195,19,19
0.593101915606648,0.45789848916499437,0.4825212707377757,1.4329450505952372,20,19
0.6934507331035387,0.5315143153307216,0.36691810038996475,1.630601358724609,21,19
0.6578375312262674,0.5359668519129591,0.41449054993377765,1.5816071380181125,22,19
0.7396425028502293,0.6228206783414041,0.2462918306746717,1.8075426448569545,23,19
0.6762697667797165,0.5410015595136509,0.3383981617635562,1.5147210214230211,24,19
0.6580831699468576,0.4941935099581828,0.29585081632702787,1.5626033187368193,25,19
0.7145445592361938,0.5963840039442809,0.33585639871157663,1.7197513888888887,26,19
0.6697416082175078,0.5560558235112886,0.31341022008014924,1.6323189563492053,27,19
0.7051795137547371,0.6373423770016886,0.23321628825200472,1.993557059178744,28,19
0.5480636122931786,0.43243334744520207,0.4314012183664704,1.2207351270562767,29,19
0.5770344467056454,0.46781382095217483,0.44000312507485373,1.5708094176898302,0,20
0.566760332720482,0.4373658105236313,0.3271248777839779,1.2894601666666665,1,20
0.5731741892944564,0.4159212636592442,0.3603032926809466,1.4220054047619046,2,20
0.6109746661323344,0.49109628382088943,0.4427445478634633,1.4397583628557749,3,20
0.7435499620533597,0.6264889815301992,0.265574729077633,1.8402528079004328,4,20
0.6668101265488614,0.4996885817502928,0.335228950370571,1.38672083064158,5,20
0.7715479250851166,0.5912258944001684,0.1522465294643488,1.8535690119463855,6,20
0.7612997168555952,0.5643181444748828,0.3222763280671764,1.731221318922306,7,20
0.6389249723568301,0.5539949562406937,0.4167419308991718,1.615449939244663,8,20
0.6910288741607906,0.5309670955680293,0.34838585095964447,1.5817021325341316,9,20
0.5710042000321017,0.47336960995695265,0.3776240678149086,1.4944013623390506,10,20
0.5691264328451282,0.43070339518719714,0.4640613881700367,1.3077079176934174,11,20
0.4614218330831111,0.37088131393466606,0.6000423805453731,1.0173655790102591,12,20
0.49129380327726946,0.37767600117608097,0.496593479216717,1.1149710641712702,13,20
0.3806722314419462,0.25985683735521226,0.611113353401148,0.8368535154502363,14,20
0.4589722150976135,0.3689651656831275,0.521581656427726,0.9855683728434255,15,20
0.42037440996754083,0.3473930328939811,0.6138279924894273,0.9811723438482498,16,20
0.466179160286613,0.32437244643037866,0.5262178267225125,0.9776576284678583,17,20
0.5444646320979891,0.43082256279178943,0.443865991945102,1.1927848492784987,18,20
0.5682798012504547,0.44233451620775655,0.36320077785040017,1.3330426060606053,19,20
0.604388886637797,0.4509276070321619,0.3166597992443598,1.295801166666667,20,20
0.6895841054197007,0.5430025086394658,0.36147556039722745,1.6416009145854147,21,20
0.7303466894617885,0.5134461290185267,0.352547172489458,1.6038383979821345,22,20
0.6459582242815375,0.5248608657798974,0.40142531060445463,1.6581431019985766,23,20
0.7535892993304307,0.6475605018176606,0.32147229217291234,1.834682054154178,24,20
0.7539446206144764,0.5555942906028414,0.22317235204233202,1.7122599727276506,25,20
0.6624294464578312,0.5277767985994918,0.3391920261047532,1.4716043452935952,26,20
0.6859282418797144,0.5976264332572788,0.336800275055583,1.7983663253968256,27,20
0.5575456294564087,0.44944860077987403,0.43824389739274333,1.266572775324675,28,20
0.6478282740969966,0.501465135032522,0.43972724811217434,1.3829322011494258,29,20
0.5777724587380847,0.4359127554390632,0.359888035659777,1.292990140543365,0,21
0.6336223879326983,0.5125329457798469,0.3417140579630946,1.5679772302142299,1,21
0.7403009027551146,0.5873304196561269,0.24621770714518293,1.8653426726347309,2,21
0.7066714687624461,0.5876529269353842,0.2619255919339941,1.7469925833333333,3,21
0.7641320604096473,0.5532205874746111,0.28203202200884103,1.681792235714664,4,21
0.6870651690147535,0.586652180103839,0.2170979494733705,1.7521034679089014,5,21
0.7005139391720172,0.5462754029697691,0.3603084519868598,1.687420862637363,6,21
0.6343566115265811,0.5278668741908406,0.4148482712318835,1.5834284078593823,7,21
0.6565790190886053,0.501545997375669,0.3632480204737424,1.563928003707978,8,21
0.6734525098521676,0.49505571169259577,0.4003854701986838,1.5498671154401154,9,21
0.5846177288704393,0.45111976908529605,0.536847263647609,1.3333708809523817,10,21
0.5708856887342141,0.42946674935770973,0.44232881940662305,1.3343988023088023,11,21
0.4351898702797721,0.33999921075633044,0.6054411913558801,0.9687244368845233,12,21
0.4129669965526339,0.34375141314724567,0.6108463897659289,0.978250533242189,13,21
0.4183540354993425,0.3572487157303952,0.6119822824547929,0.9750957237654336,14,21
0.4702598403973553,0.3809949469530375,0.5087753444375872,1.0646771387404916,15,21
0.47494979722005093,0.36712397842661676,0.4934185108220389,0.9377469804913332,16,21
0.48573579640150777,0.37762741588660254,0.5491171050560072,1.1390501377643434,17,21
0.5578032743984025,0.46276001010567,0.42058168680347063,1.4858849135822516,18,21
0.5658673980944918,0.48484234214016697,0.485210687049633,1.3737123785173155,19,21
0.6208245149745476,0.48663107680299916,0.4235726023086244,1.4738660973435096,20,21
0.7322299924548553,0.5811886184698959,0.2501001819635705,1.8779336134559867,21,21
0.6746660457785968,0.5143783964853071,0.34820526137634045,1.5813016587856579,22,21
0.7381357372153183,0.5981418394453977,0.2705127842753593,1.8301318515512264,23,21
0.8200324249367517,0.6952583495265006,0.17786532300591845,2.1206994464701974,24,21
0.7392829064001377,0.4840184626260835,0.3221747444986108,1.5598011666666671,25,21
0.7491361960135122,0.6088781476951101,0.2577435688323913,1.8416155447348543,26,21
0.6500972156819153,0.5021774602799779,0.3664650584662518,1.5556331105455852,27,21
0.7353764211531382,0.5027075941759388,0.17261331634720153,1.6467493204077486,28,21
0.4771736114586582,0.38922238041782947,0.5576397520673273,1.0527706913348913,29,21
0.5467321739670512,0.4349388335842926,0.38633098129080906,1.252795731601731,0,22
0.598651298126761,0.48997647345843787,0.38703008476675754,1.4456535007179119,1,22
0.775214584799812,0.567223535600757,0.3101992039118741,1.726454088827838,2,22
0.7452256821477895,0.6758132128263997,0.348972562032555,1.8493777482378724,3,22
0.734864425622179,0.591957698468591,0.2506873983523439,1.8278598154918742,4,22
0.689140391943212,0.5394904143399207,0.25312512807381266,1.6290436660708572,5,22
0.7610012359796292,0.6667960639186077,0.26403867054279556,1.915915791694417,6,22
0.7234742730962409,0.6023748770068844,0.2617314873392424,1.7666412956349204,7,22
0.646132884284037,0.5438137419346085,0.375921078013515,1.6249449829509572,8,22
0.5611174842238238,0.4815292115920404,0.376773059990893,1.4460576617618497,9,22
0.5320925368116496,0.370559886319579,0.5289610652672371,1.28470388888889,10,22
0.5511355501881974,0.48690981703218283,0.5313805530893011,1.3232216855158736,11,22
0.5158438965157515,0.4037171881965481,0.4170500470891952,1.1918899733766233,12,22
0.4745786488858123,0.38643722371874323,0.4920777756632268,1.0251821329129853,13,22
0.44784504198609276,0.3789400359856815,0.5225892889698495,1.1313060062577704,14,22
0.36698744941965855,0.2805196178407576,0.6748407159885925,1.012115968401107,15,22
0.4733599769009474,0.38621218427292775,0.4335954499204514,1.0509265563152528,16,22
0.44866661011698583,0.37604697025699096,0.5669469553849713,1.0899647145887332,17,22
0.5425544005866916,0.4329083656850702,0.45126168729719296,1.1702325278499273,18,22
0.6104829527255747,0.5034848472144,0.35520783013818147,1.503859041371702,19,22
0.6019050668525641,0.4331932713282506,0.4385039991343115,1.3149569233716474,20,22
0.6296278256085425,0.46617324530715415,0.27823551164061416,1.5848726163558677,21,22
0.7674531415495195,0.5698268143802105,0.1694377098454885,1.6468070004440003,22,22
0.7603846432058122,0.6224165903396252,0.20579834179401593,1.8986444453620035,23,22
0.7213970073682826,0.712123129724537,0.319368528862735,1.964735885281385,24,22
0.5979649675961086,0.486230081407423,0.38998695845302145,1.4340619927814047,25,22
0.72514535289227,0.5747549147925127,0.23876361720460698,1.9083978520923501,26,22
0.7256813174306408,0.5782047980898217,0.30368172846475916,1.9314322782356534,27,22
0.7074213502487517,0.6007169129940167,0.2739637194828144,1.6879159365079366,28,22
0.5695553081211114,0.47597461350808795,0.4036668136790762,1.4883408074494948,29,22
0.5850898409418044,0.4345236755931157,0.4052603082865709,1.3634133201970444,0,23
0.6429912724974519,0.5470898599554135,0.37944204872917536,1.6396750024314768,1,23
0.7499136032474764,0.5990335594962037,0.39027902551783555,1.8065439666305902,2,23
0.6826588277152077,0.5740825477404602,0.26856369585258877,1.8220822777777763,3,23
0.7561300332307901,0.5293289239161941,0.26335792077361464,1.6508725600292382,4,23
0.7207341643246487,0.5205603661550849,0.27720227490853905,1.6835954968979243,5,23
0.77001531178864,0.6389911582426101,0.2227512726683865,1.9704423576025414,6,23
0.6538314531254745,0.4641978030924376,0.42786688651010957,1.4696383403990654,7,23
0.7133824678070381,0.5846086208346362,0.3311715923866688,1.7153836111111107,8,23
0.6246545996833228,0.510284882853335,0.41483415633731535,1.607354827502239,9,23
0.5898216112566058,0.4761537954362251,0.3935772409014888,1.4234301356385475,10,23
0.5805457249320005,0.47475606512353824,0.3832103539108993,1.4278073888853013,11,23
0.5712771343596161,0.46460576260019054,0.44955397054558266,1.4741666588203466,12,23
0.3998652225922605,0.3288371614976091,0.5920295109933544,0.9919310616409485,13,23
0.5193951544880931,0.40496514050885474,0.4581716504920383,1.185564517027417,14,23
0.49712520107690666,0.3971561661968228,0.5426431563617569,1.1077400751646622,15,23
0.46997997782913364,0.44482135024387126,0.4761027156798655,1.14655714822283,16,23
0.5842864361260854,0.5006427201466269,0.3857573108829917,1.4310827983369598,17,23
0.5636905253750975,0.4682053840543144,0.4820497983183322,1.5121428013167388,18,23
0.6656953667510266,0.5456133951407331,0.3366428125199201,1.5098764289321787,19,23
0.6198474642021861,0.4733287040339054,0.4199559187674019,1.5346796528990652,20,23
0.6512384696541159,0.5283760625180866,0.3126875577543326,1.6190792781385277,21,23
0.7927985432344805,0.6244511159374831,0.24892371049923473,1.7085365546554894,22,23
0.85,0.7202085999720133,0.12116090032044288,2.002440333333332,23,23
0.7987106544052238,0.6024227822703577,0.27566171910999715,1.684264217698967,24,23
0.8063331162622663,0.5497965138614642,0.23991168850506872,1.7490931404765686,25,23
0.7176998134425827,0.5540500900420143,0.31225477809010377,1.7658819300334168,26,23
0.6417591312019988,0.5357642393620167,0.4417478137996308,1.4064105344827589,27,23
0.6538381559977398,0.6034539072560282,0.3704876127275851,1.7331068571428576,28,23
0.6922573190186552,0.589297334154923,0.28311393450002204,1.7694669007936503,29,23
0.5380115399227842,0.40408515435191195,0.5465248146135369,1.2786422460317466,0,24
0.6541633507468559,0.5161661086437835,0.370148908439457,1.6040520421695166,1,24
0.626083602838305,0.4710984295372849,0.4418680826105169,1.4716872358716484,2,24
0.7606012930244439,0.601378860296244,0.25412922332787596,1.7302996955285048,3,24
0.8192792053480681,0.6186664118976082,0.24595954796095476,1.8808657967189815,4,24
0.7186778927334592,0.5158654725155138,0.24532632543463978,1.6746270390224671,5,24
0.7499114093951658,0.6165991312679666,0.19421474841454464,1.9261762072667656,6,24
0.8116461370828123,0.6572576401022059,0.1255194855330584,1.9140838089826833,7,24
0.7039442279295842,0.5571451608611631,0.34138643241600186,1.6674751046365912,8,24
0.6013176969667304,0.49146401743310136,0.30794064126278503,1.4601090151515155,9,24
0.5490035977907987,0.4950177550920911,0.3694189232534303,1.3732884474761355,10,24
0.4673187425443145,0.37659032002375603,0.46931754934172965,1.1459777828424302,11,24
0.5665442976868301,0.4425160971327204,0.4525731982036559,1.2663364372294361,12,24
0.4612015800054201,0.3889352746300494,0.5681926356030637,1.1047234870058869,13,24
0.5355445331113131,0.38447125071279015,0.4313414385861414,1.3241093549783554,14,24
0.5263619511553936,0.44092376298114455,0.5205960370670983,1.173741816017316,15,24
0.4655061884939081,0.35437680175952035,0.558117534267569,1.0190090748141638,16,24
0.5014818720884011,0.3807075337212816,0.5666704464678898,1.3109344454844019,17,24
0.6069828280035224,0.4889233839265101,0.4479024351756966,1.3781141140873012,18,24
0.6222880148099623,0.5498645769552499,0.35104828427319457,1.667445580815017,19,24
0.6766715227325655,0.5161155936019052,0.34109869846895713,1.5739663016428014,20,24
0.6260130441101448,0.5306238265900376,0.37360251395999267,1.5546323943520566,21,24
0.7902443957904774,0.6471241080821309,0.24069549369566215,1.821949421718982,22,24
0.7266147039129025,0.5307589163781445,0.2914439297494494,1.6764623998136365,23,24
0.6673392767638573,0.5644435003791147,0.3418713042004485,1.6020596572039065,24,24
0.7447207189761063,0.565011821478953,0.29878306092882345,1.7097202420634918,25,24
0.7762876445239624,0.5639657785442708,0.234799978281514,1.7369138309527592,26,24
0.8266669154715056,0.6286202564938568,0.21800308461719017,2.089888166167166,27,24
0.6602883910659049,0.5042264823736796,0.34953768596295864,1.506723659701409,28,24
0.564545402359017,0.46834831180381536,0.43568275291578173,1.55863970247114,29,24
0.751001266646105,0.5733185192959515,0.3031479192595673,1.9059939865689852,0,25
0.7007347131302253,0.6129142199180662,0.35496766939925023,1.8662930165945175,1,25
0.722545086812044,0.5860273830865114,0.3475013629463291,1.7917696765873017,2,25
0.7151815889619746,0.5464506272669986,0.3244324208086924,1.6858879633057002,3,25
0.7391611854818452,0.5604890020873776,0.2584529311172655,1.6870429409816188,4,25
0.85,0.6896836906937274,0.16768503192637083,2.1398460075757586,5,25
0.7706395541688159,0.5383059964296695,0.24542579378818866,1.6635852396829178,6,25
0.7322614543880244,0.5061119430998102,0.18821956879190033,1.6389968204077485,7,25
0.6966650256637086,0.5265114717004271,0.25550421367989173,1.6500925232137131,8,25
0.7554664428933016,0.6281576392230396,0.32884461157064665,1.8257116533605267,9,25
0.5991390495251433,0.4846783752066487,0.40610887619551633,1.4529115930145047,10,25
0.6132522008846273,0.49126811697240175,0.2526541161522843,1.5930473425463436,11,25
0.5549797623671705,0.43804771318326413,0.44728947212349385,1.17537987056277,12,25
0.5242640728760178,0.36232992417567844,0.4919407347791575,1.249141038011697,13,25
0.45294104397315516,0.35498814342694524,0.49393121249578953,0.966983475068686,14,25
0.5297313197243618,0.3767687097289253,0.5919707782992847,1.2928357936507948,15,25
0.5927323803105149,0.4989332131433807,0.4715749768736474,1.3803835585317454,16,25
0.5390634861119703,0.43101500827720557,0.5095696457089088,1.1729706774336777,17,25
0.5358569327523622,0.4262777755706021,0.46282923112023017,1.1756804289488283,18,25
0.564041049197798,0.4624808836800861,0.4681009563813816,1.4649621548520926,19,25
0.6866090277416801,0.560368768013679,0.36353908487244185,1.688212413919414,20,25
0.7085614622661882,0.5750833907993298,0.3232691168230998,1.8094684548229534,21,25
0.7539331920790389,0.6162618688484522,0.2207281548530202,1.954483334250893,22,25
0.7847655201585308,0.6046977272986932,0.2327274961583206,2.0011651361850697,23,25
0.7208269654185153,0.5285309954213201,0.2937569536523502,1.6883646422378786,24,25
0.8284343462714256,0.6768907747343501,0.19406909273833384,2.0332475967227204,25,25
0.7806968386919352,0.6810133519168016,0.17528387999260922,1.9943281427183928,26,25
0.7318729122891842,0.6225125232826021,0.2890803232885847,1.8263809323593072,27,25
0.704315675585783,0.5559092288222137,0.30359064827738613,1.770395684001672,28,25
0.6911347306020854,0.5740620765393907,0.3283424122442964,1.801915954822953,29,25
0.6612919217501423,0.5144824234178096,0.3564015527810982,1.6233770421695162,0,26
0.6640042218110754,0.5439690015270283,0.2718501035919088,1.6057164434046343,1,26
0.8077084792335458,0.6216196806074576,0.24249618602446713,1.7528305467189815,2,26
0.7611078470765951,0.6142314560492291,0.28367653558295536,1.7535938315157051,3,26
0.7668796876537074,0.6902918652843615,0.17359950487366632,1.9455589682539676,4,26
0.7303009094685913,0.6124468221265882,0.2723098123821048,1.8968941094877345,5,26
0.7983629478451202,0.6985101825819454,0.1664722125148655,2.0475009504384505,6,26
0.7205628132480273,0.548583586535199,0.2640381695225646,1.6928209766959046,7,26
0.7099971181260386,0.5436413288925342,0.3470964022813742,1.5697087454124818,8,26
0.7133306277779344,0.5692531241198449,0.3201400298854191,1.6814900793650784,9,26
0.6440663309309117,0.533182137541052,0.46161780655365564,1.3392538888888894,10,26
0.6464516858053676,0.5104204912007545,0.3649524714498505,1.5844497772122523,11,26
0.5707226356156222,0.4854943849634445,0.38020690261220924,1.4851539236666116,12,26
0.5058991105612637,0.3907936854569959,0.5064082295648076,1.199241802929235,13,26
0.49411157403934464,0.4288923810607412,0.3906337294531707,1.2187389348484843,14,26
0.4852280128319973,0.41167626161439336,0.6099228624771776,1.1284408464912281,15,26
0.5584124471714963,0.4155761215832697,0.4607961271484026,1.2845366259185262,16,26
0.5565390903639689,0.4614534646659185,0.4717741005543885,1.4567892548520929,17,26
0.5750913033065468,0.4536317566742239,0.43839139462508353,1.3927608990800864,18,26
0.6846489926085012,0.5825943839979959,0.27866532710737424,1.749254265873015,19,26
0.6956805563412135,0.5378457495466811,0.3040043689792099,1.7001425614108114,20,26
0.7126770016303597,0.5812278297836471,0.2537390620277785,1.7948506626984115,21,26
0.6973251313516083,0.5768870594602393,0.28257238820319375,1.7890851984126968,22,26
0.8198407898925908,0.542984848908655,0.20181975473965294,1.7381712515876806,23,26
0.8203361331837169,0.5791453888907483,0.12458897641847769,1.9057758564213554,24,26
0.8057197495465749,0.6497280591925685,0.2808242074212345,1.7956048096903092,25,26
0.7610707360862277,0.6040460168005874,0.19036814090171755,1.9360159810762894,26,26
0.70772254140317,0.6021208178181082,0.3380840228265344,1.6455304999999987,27,26
0.6951810222121633,0.5639997619037719,0.2772305018575176,1.6842745307894713,28,26
0.6701919935818971,0.4935657697539996,0.2719083264612243,1.4023219933399929,29,26
0.6660212494162483,0.5437486287742791,0.3569593919039661,1.587785514696989,0,27
0.7130734438324305,0.5437011959425722,0.29879503804333823,1.6702155708093076,1,27
0.7397811466441216,0.5833316839214098,0.252353476516364,1.8597861690115423,2,27
0.8135123902137379,0.6301033576614757,0.18672935593557907,2.026787172660672,3,27
0.8286275976305597,0.67734360519345,0.14330506869267004,2.0820618201659444,4,27
0.7845732415692955,0.5718806012457811,0.2393801579497679,1.705854874542124,5,27
0.849773520276282,0.6322203948359214,0.12885473206561124,2.080684484848485,6,27
0.8263059386809466,0.569147009748494,0.1771540552396346,1.682260124542124,7,27
0.7904266491196975,0.7170718575761998,0.2671316583861908,2.0185467139249633,8,27
0.6981270567689176,0.5236333970090535,0.23813538550278476,1.653490713689904,9,27
0.6464878746137518,0.48926637875015083,0.3270942554210545,1.5489824854034853,10,27
0.5514718841770041,0.4093320864771067,0.4167237586831357,1.2764298478354976,11,27
0.6069918859158281,0.46603467267735926,0.3550369754361411,1.4269076558405678,12,27
0.4330973408403115,0.3369801557494328,0.5013926504425144,0.8986656781810453,13,27
0.5048418608357671,0.41938534647318915,0.4829231726897775,1.1715874191630007,14,27
0.5073977939372932,0.4103810165358833,0.5014254784674271,1.1351564403751222,15,27
0.5826979218412524,0.47572170842645467,0.41282957580931606,1.4403173592482714,16,27
0.5692282153452721,0.43855938826780555,0.3523954327138479,1.325033666666666,17,27
0.561206969882541,0.4469089431766151,0.47353031302448145,1.3198288467532462,18,27
0.5848576670818268,0.5034893598165449,0.45107057881711055,1.3861080823412693,19,27
0.6682026747057678,0.5337967532695239,0.3361659182190747,1.4873393333888334,20,27
0.7550773323109774,0.615600292999109,0.19598307434623452,1.9206208739334323,21,27
0.7894904380736822,0.5514643687217948,0.16862102654770247,1.7416433626987913,22,27
0.8018790070723791,0.6622114146355496,0.2955337258019615,1.8558329446109436,23,27
0.7879773456759854,0.6405385090540263,0.29817156088835967,1.8280940834998327,24,27
0.8064397585763705,0.6970679740546287,0.21767368438232304,2.056327831045765,25,27
0.8464552899251919,0.560659426592015,0.10864562472354468,1.7712453493320404,26,27
0.7081685024405834,0.5673129111078433,0.35493114802552655,1.6845792261904753,27,27
0.7219911883401798,0.5729474086849852,0.2871635209243934,1.833352325396824,28,27
0.7533422540792514,0.605543882154463,0.33021310670219894,1.9118038443362184,29,27
0.7139233125570094,0.5483264989295271,0.257873454149669,1.666347583838762,0,28
0.7113053450171756,0.5760915950072764,0.31225305783676177,1.8308851770451762,1,28
0.8100316259550064,0.6759227129296994,0.17978846678980512,1.9307548593489843,2,28
0.7727590354961692,0.6193760626330906,0.26484356289969646,1.7379216204767456,3,28
0.8310917798849886,0.6520420515756427,0.13761704074660022,2.0764005146103894,4,28
0.85,0.6702707715940642,0.19581675773390747,2.1135677130230897,5,28
0.85,0.6627957841742645,0.13105198043951152,2.1015766654040404,6,28
0.7150997230128364,0.5728818765764925,0.240846715746494,1.8555945187590168,7,28
0.7985433433113808,0.6094468889227896,0.22988209602293516,1.963568730923665,8,28
0.8158830900338048,0.57070961345238,0.19594584631601367,1.7025201245421238,9,28
0.6427220932466167,0.557110992026821,0.25237966792799205,1.640513331932773,10,28
0.6361730627717417,0.45237283656643135,0.3619110590139164,1.467647627029102,11,28
0.6584140046967347,0.5220896458812275,0.3468023715661425,1.4943820357697848,12,28
0.529054047537977,0.38809792273410537,0.4803147309742938,1.3193781211566218,13,28
0.5607841235235168,0.43989861312112594,0.5410729645343142,1.2646260952380957,14,28
0.5352225928563377,0.4016563339276358,0.43289835800909227,1.2745032049783542,15,28
0.457411755619177,0.364329825894814,0.5418641909280266,0.9813547087794195,16,28
0.6003580459889816,0.45420688353806576,0.3152564379333052,1.3211193484848494,17,28
0.6140175400503647,0.45052177841889346,0.31360684024044655,1.429707088578089,18,28
0.7163956076566682,0.583130123843641,0.2552040866782771,1.7694665515873007,19,28
0.8231218224110589,0.7121519296261849,0.17041407893338587,2.041441047119547,20,28
0.7977345497929587,0.6507462443694466,0.19247785497241915,2.0091987619620717,21,28
0.782161336738527,0.6287338907354497,0.2494942288365525,1.7501559237031084,22,28
0.8480609534561961,0.6324039947969905,0.188361413428415,2.083972699134201,23,28
0.8460759877480398,0.6718896507743024,0.20415107297184648,2.10855571302309,24,28
0.85,0.6974809903553271,0.14184960533544344,2.1091842727272727,25,28
0.7384208565833215,0.5653667689563128,0.28605284800180897,1.6700479618437116,26,28
0.7186666544737841,0.6059427141222332,0.24561407994648138,1.9213309242581098,27,28
0.6318429995875554,0.5030033685437137,0.3861183209223133,1.7072594399106649,28,28
0.71656112378107,0.5845444599229289,0.30739956039013927,1.8439440753968261,29,28
0.6990496665602915,0.5405028292610146,0.2759486024828715,1.6723600589279999,0,29
0.7158883357246193,0.5537584542699283,0.12381323948499817,1.6644087292021705,1,29
0.7545137847425916,0.6104001767688881,0.21295866750805537,1.9817989136159722,2,29
0.7955437880899051,0.6501156851658266,0.33269819392983546,1.8677555050505044,3,29
0.7981417133712398,0.6506979125533716,0.19693458534207747,1.9999007619620714,4,29
0.8337099318064528,0.6227815065586074,0.13443475434620772,2.033605151515151,5,29
0.8146357175185633,0.62003833328593,0.1905994513922663,2.0730391643790984,6,29
0.85,0.6772181035574792,0.2054758114838594,2.1104044630230896,7,29
0.7934984459961951,0.559333777739812,0.22305879970078438,1.7451081960321237,8,29
0.6913194385533685,0.5875836840472601,0.2983179421958347,1.7992098452380956,9,29
0.6545878411753077,0.5325020446829224,0.28135427756560505,1.6227099195951107,10,29
0.6969636477661291,0.557333139934349,0.2881323225592128,1.721893307081807,11,29
0.6194664485705179,0.47198721268616706,0.3208323342424625,1.5189006751581755,12,29
0.5822323230325442,0.48826733637001446,0.435261386076437,1.4040237402006523,13,29
0.5880083570853258,0.4609437023994326,0.4870181750463042,1.489415201388889,14,29
0.6312816839592561,0.5634398412803051,0.42113982925617244,1.5564273598795832,15,29
0.5066072307021567,0.4139859193766109,0.4636783159858831,1.1505095382106196,16,29
0.5595613551794271,0.4045301261377143,0.39116940935422495,1.402891285714286,17,29
0.549985651704556,0.45861256584851545,0.3803827648129105,1.4136419178946056,18,29
0.7085261958582868,0.5463364702475545,0.3133534863910608,1.7240146140993513,19,29
0.7133046464726586,0.5502526725702004,0.31486839551219353,1.7553682197159564,20,29
0.7437405255192633,0.5841036843001614,0.2954218122605613,1.858558224567099,21,29
0.7762128694159945,0.6139007274844387,0.24043439288328183,1.7811076856078703,22,29
0.85,0.6884961218542942,0.08934496586212987,2.144984840909091,23,29
0.8426760014836912,0.7040434839012417,0.06109740251739054,2.2790470000000007,24,29
0.8180063842336712,0.6708065405073816,0.23725028344996044,2.030836768400078,25,29
0.85,0.6469239829115201,0.10774332971500293,2.0888419431818175,26,29
0.7384724856417664,0.5388794477097563,0.3557607629360318,1.5968917130004499,27,29
0.6846762725171127,0.5182447359468865,0.20949530569581473,1.6747490891477796,28,29
0.8297322706397775,0.6764384723164777,0.11454392250915924,2.0754766534992775,29,29
